{
  "project_info": {
    "project_number": "1083972676148",
    "project_id": "spk-saw-a33b7",
    "storage_bucket": "spk-saw-a33b7.appspot.com"
  },
  "client": [
    {
      "client_info": {
        "mobilesdk_app_id": "1:1083972676148:android:2d325d49719bd704e07861",
        "android_client_info": {
          "package_name": "com.example.spk_saw"
        }
      },
      "oauth_client": [],
      "api_key": [
        {
          "current_key": "AIzaSyBTJ7byMfyIISk-kd7CCxDAw7Bpkk4_MyI"
        }
      ],
      "services": {
        "appinvite_service": {
          "other_platform_oauth_client": []
        }
      }
    }
  ],
  "configuration_version": "1"
}